Time;Latitude;Longitude;Course;kts;mph;metres;Rate;Reporting Facility
Sat 08:34:53 PM;41.8358;28.6426;↑ 354°;;;;Level;Estimated
Sat 08:36:55 PM;42.0746;28.6066;↑ 354°;;;;Level;Estimated
Sat 08:38:53 PM;42.3056;28.5716;↑ 354°;;;;Level;Estimated
Sat 08:40:55 PM;42.5135;28.5399;↑ 354°;;;;Level;Estimated
Sat 08:42:57 PM;42.7214;28.5079;↑ 354°;;;;Level;Estimated
Sat 08:44:55 PM;42.9225;28.4768;↑ 354°;;;;Level;Estimated
Sat 08:46:53 PM;43.1236;28.4455;↑ 354°;;;;Level;Estimated
Sat 08:48:57 PM;43.3349;28.4124;↑ 353°;;;;Level;Estimated
Sat 08:50:52 PM;43.5309;28.3815;↑ 353°;;;;Level;Estimated
Sat 08:51:57 PM;43.6416;28.3639;↑ 353°;;;;Level;Estimated
Sat 08:52:14 PM;41.4195;28.8214;↑ 354°;274;315;1897;Level;FlightAware MLAT (5 sites)
Sat 08:52:46 PM;41.4611;28.8160;↑ 355°;284;327;2240;959 Climbing;FlightAware MLAT (6 sites)
Sat 08:53:05 PM;41.4867;28.8128;↑ 355°;292;336;2713;1076 Climbing;FlightAware ADS-B (SAW / LTFJ)
Sat 08:53:37 PM;41.5307;28.8072;↑ 354°;306;352;3155;575 Climbing;FlightAware ADS-B (BOJ / LBBG)
Sat 08:54:07 PM;41.5760;28.8010;↑ 351°;348;400;3307;511 Climbing;FlightAware ADS-B (ISL / LTBA)
Sat 08:54:28 PM;41.6087;28.7805;↖ 322°;352;405;3589;844 Climbing;FlightAware ADS-B (LBWB)
Sat 08:54:46 PM;41.6263;28.7529;← 303°;349;402;3856;841 Climbing;FlightAware ADS-B (AXD / LGAL)
Sat 08:55:24 PM;41.6512;28.6779;← 298°;360;414;4374;829 Climbing;FlightAware ADS-B (LTBW)
Sat 08:55:56 PM;41.6805;28.6177;← 304°;368;423;4823;826 Climbing;FlightAware ADS-B (LTBW)
Sat 08:56:26 PM;41.7105;28.5570;← 303°;375;432;5227;802 Climbing;FlightAware ADS-B (AXD / LGAL)
Sat 08:56:57 PM;41.7395;28.4978;← 303°;378;435;5639;779 Climbing;FlightAware ADS-B (AXD / LGAL)
Sat 08:57:27 PM;41.7685;28.4386;← 303°;382;440;6020;724 Climbing;FlightAware ADS-B (AXD / LGAL)
Sat 08:57:57 PM;41.7978;28.3788;← 303°;388;447;6363;648 Climbing;FlightAware ADS-B (AXD / LGAL)
Sat 08:58:27 PM;41.8261;28.3212;← 303°;394;453;6668;642 Climbing;FlightAware ADS-B (LBSL)
Sat 08:58:59 PM;41.8588;28.2544;← 303°;397;457;7026;676 Climbing;FlightAware ADS-B (PDV / LBPD)
Sat 08:59:15 PM;41.8750;28.2229;← 308°;401;461;7209;699 Climbing;FlightAware ADS-B (LTBW)
Sat 08:59:35 PM;41.9019;28.1860;↖ 319°;409;471;7445;637 Climbing;FlightAware ADS-B (VAR / LBWN)
Sat 09:00:11 PM;41.9582;28.1309;↖ 324°;416;479;7803;540 Climbing;FlightAware ADS-B (LRTZ)
Sat 09:00:41 PM;42.0027;28.0877;↖ 324°;421;484;8039;450 Climbing;FlightAware ADS-B (JAM / LBIA)
Sat 09:01:11 PM;42.0532;28.0395;↖ 325°;430;495;8252;389 Climbing;FlightAware ADS-B (JAM / LBIA)
Sat 09:01:41 PM;42.1031;27.9934;↖ 326°;439;505;8428;366 Climbing;FlightAware ADS-B (JAM / LBIA)
Sat 09:02:11 PM;42.1530;27.9473;↖ 325°;446;513;8618;389 Climbing;FlightAware ADS-B (BBU / LRBS)
Sat 09:02:41 PM;42.2037;27.9002;↖ 325°;448;516;8816;397 Climbing;FlightAware ADS-B (OTP / LROP)
Sat 09:03:12 PM;42.2565;27.8507;↖ 325°;451;519;9022;472 Climbing;FlightAware ADS-B (OTP / LROP)
Sat 09:03:43 PM;42.3087;27.8016;↖ 325°;447;514;9304;562 Climbing;FlightAware ADS-B (LBSL)
Sat 09:04:13 PM;42.3621;27.7512;↖ 325°;441;507;9594;517 Climbing;FlightAware ADS-B (LRTZ)
Sat 09:04:44 PM;42.4130;27.7030;↖ 325°;439;505;9830;420 Climbing;FlightAware ADS-B (TEQ / LTBU)
Sat 09:05:14 PM;42.4623;27.6560;↖ 325°;439;505;10020;367 Climbing;FlightAware ADS-B (TEQ / LTBU)
Sat 09:05:45 PM;42.5129;27.6081;↖ 325°;439;505;10203;376 Climbing;FlightAware ADS-B (VAR / LBWN)
Sat 09:06:10 PM;42.5564;27.5674;↖ 326°;441;507;10371;381 Climbing;FlightAware ADS-B (LRTZ)
Sat 09:06:33 PM;42.5958;27.5377;↖ 334°;450;518;10508;358 Climbing;FlightAware ADS-B (LBBR)
Sat 09:07:01 PM;42.6514;27.5084;↑ 342°;461;531;10676;334 Climbing;FlightAware ADS-B (TEQ / LTBU)
Sat 09:07:47 PM;42.7509;27.4794;↑ 349°;471;542;10919;226 Climbing;FlightAware ADS-B (VAR / LBWN)
Sat 09:08:22 PM;42.8219;27.4605;↑ 349°;473;544;10980;48 Climbing;FlightAware ADS-B (BOJ / LBBG)
Sat 09:08:53 PM;42.8883;27.4427;↑ 349°;474;545;10973;-7 Descending;FlightAware ADS-B (BOJ / LBBG)
Sat 09:09:26 PM;42.9592;27.4239;↑ 349°;473;544;10973;Level;FlightAware ADS-B (VAR / LBWN)
Sat 09:09:56 PM;43.0252;27.4063;↑ 349°;470;541;10973;Level;FlightAware ADS-B (OTP / LROP)
Sat 09:10:27 PM;43.0896;27.3890;↑ 349°;469;540;10973;Level;FlightAware ADS-B (OTP / LROP)
Sat 09:10:57 PM;43.1535;27.3715;↑ 349°;468;539;10973;Level;FlightAware ADS-B (OTP / LROP)
Sat 09:11:27 PM;43.2173;27.3542;↑ 349°;468;539;10973;Level;FlightAware ADS-B (OTP / LROP)
Sat 09:11:57 PM;43.2799;27.3372;↑ 349°;468;539;10973;Level;FlightAware ADS-B (OTP / LROP)
Sat 09:12:28 PM;43.3465;27.3191;↑ 349°;468;539;10973;Level;FlightAware ADS-B (JAM / LBIA)
Sat 09:12:58 PM;43.4117;27.3016;↑ 349°;468;539;10973;Level;FlightAware ADS-B (LBWB)
Sat 09:13:28 PM;43.4745;27.2846;↑ 349°;469;540;10973;Level;FlightAware ADS-B (BBU / LRBS)
Sat 09:13:58 PM;43.5384;27.2672;↑ 349°;468;539;10973;Level;FlightAware ADS-B (JAM / LBIA)
Sat 09:14:29 PM;43.6020;27.2495;↑ 349°;467;537;10973;Level;FlightAware ADS-B (BBU / LRBS)
Sat 09:14:59 PM;43.6666;27.2317;↑ 349°;467;537;10973;Level;FlightAware ADS-B (BBU / LRBS)
Sat 09:15:29 PM;43.7302;27.2142;↑ 349°;465;535;10973;Level;FlightAware ADS-B (BBU / LRBS)
Sat 09:15:59 PM;43.7922;27.1970;↑ 349°;464;534;10973;Level;FlightAware ADS-B (BBU / LRBS)
Sat 09:16:29 PM;43.8565;27.1793;↑ 349°;463;533;10973;Level;FlightAware ADS-B (BBU / LRBS)
Sat 09:16:59 PM;43.9200;27.1618;↑ 349°;462;532;10973;Level;FlightAware ADS-B (BBU / LRBS)
Sat 09:17:31 PM;43.9873;27.1432;↑ 349°;462;532;10973;Level;FlightAware ADS-B (LRBG)
Sat 09:18:15 PM;44.0761;27.1068;↑ 342°;454;522;10973;Level;FlightAware ADS-B (LRTZ)
Sat 09:18:54 PM;44.1555;27.0701;↑ 342°;454;522;10973;Level;FlightAware ADS-B (VAR / LBWN)
Sat 09:19:24 PM;44.2155;27.0424;↑ 342°;454;522;10973;Level;FlightAware ADS-B (LRTZ)
Sat 09:19:55 PM;44.2766;27.0142;↑ 342°;455;524;10973;Level;FlightAware ADS-B (KIV / LUKK)
Sat 09:20:25 PM;44.3361;26.9866;↑ 342°;456;525;10973;Level;FlightAware ADS-B (LRTZ)
Sat 09:20:55 PM;44.3965;26.9588;↑ 342°;457;526;10973;Level;FlightAware ADS-B (LRTZ)
Sat 09:21:25 PM;44.4566;26.9310;↑ 342°;458;527;10973;Level;FlightAware ADS-B (LRTZ)
Sat 09:21:55 PM;44.5180;26.9026;↑ 342°;459;528;10973;Level;FlightAware ADS-B (LRTZ)
Sat 09:22:25 PM;44.5772;26.8754;↑ 342°;461;531;10973;Level;FlightAware ADS-B (OTP / LROP)
Sat 09:22:55 PM;44.6376;26.8473;↑ 342°;462;532;10973;Level;FlightAware ADS-B (OTP / LROP)
Sat 09:23:25 PM;44.6998;26.8179;↑ 341°;461;531;10973;Level;FlightAware ADS-B (LRTZ)
Sat 09:23:55 PM;44.7573;26.7910;↑ 341°;462;532;10973;Level;FlightAware ADS-B (OTP / LROP)
Sat 09:24:25 PM;44.8187;26.7622;↑ 342°;463;533;10973;Level;FlightAware ADS-B (OTP / LROP)
Sat 09:24:55 PM;44.8801;26.7335;↑ 342°;462;532;10973;Level;FlightAware ADS-B (BCM / LRBC)
Sat 09:25:25 PM;44.9411;26.7047;↑ 341°;459;528;10973;Level;FlightAware ADS-B (BCM / LRBC)
Sat 09:25:55 PM;45.0004;26.6766;↑ 342°;457;526;10973;Level;FlightAware ADS-B (LRBG)
Sat 09:26:26 PM;45.0638;26.6464;↑ 341°;456;525;10973;Level;FlightAware ADS-B (LRTZ)
Sat 09:26:57 PM;45.1236;26.6177;↑ 341°;456;525;10973;Level;FlightAware ADS-B (OTP / LROP)
Sat 09:27:27 PM;45.1836;26.5890;↑ 341°;457;526;10973;Level;FlightAware ADS-B (OTP / LROP)
Sat 09:27:58 PM;45.2449;26.5600;↑ 342°;457;526;10973;Level;FlightAware ADS-B (TSR / LRTR)
Sat 09:28:28 PM;45.3062;26.5309;↑ 341°;457;526;10973;Level;FlightAware ADS-B (OTP / LROP)
Sat 09:28:58 PM;45.3680;26.5014;↑ 341°;458;527;10973;Level;FlightAware ADS-B (BBU / LRBS)
Sat 09:29:28 PM;45.4267;26.4733;↑ 341°;457;526;10973;Level;FlightAware ADS-B (TSR / LRTR)
Sat 09:29:59 PM;45.4896;26.4431;↑ 341°;458;527;10973;Level;FlightAware ADS-B (KIV / LUKK)
Sat 09:30:29 PM;45.5499;26.4139;↑ 341°;458;527;10973;Level;FlightAware ADS-B (KIV / LUKK)
Sat 09:30:59 PM;45.6106;26.3845;↑ 341°;459;528;10973;Level;FlightAware ADS-B (KIV / LUKK)
Sat 09:31:29 PM;45.6678;26.3566;↑ 341°;458;527;10973;Level;FlightAware ADS-B (TSR / LRTR)
Sat 09:31:59 PM;45.7288;26.3272;↑ 341°;458;527;10973;Level;FlightAware ADS-B (OTP / LROP)
Sat 09:32:29 PM;45.7895;26.2976;↑ 341°;457;526;10973;Level;FlightAware ADS-B (TSR / LRTR)
Sat 09:32:59 PM;45.8481;26.2687;↑ 341°;456;525;10973;Level;FlightAware ADS-B (TSR / LRTR)
Sat 09:33:30 PM;45.9117;26.2373;↑ 341°;455;524;10973;Level;FlightAware ADS-B (BBU / LRBS)
Sat 09:34:00 PM;45.9695;26.2090;↑ 341°;453;521;10973;Level;FlightAware ADS-B (BBU / LRBS)
Sat 09:34:30 PM;46.0287;26.1802;↑ 341°;452;520;10973;Level;FlightAware ADS-B (OTP / LROP)
Sat 09:35:00 PM;46.0881;26.1513;↑ 341°;450;518;10973;Level;FlightAware ADS-B (OTP / LROP)
Sat 09:35:30 PM;46.1471;26.1221;↑ 341°;448;516;10973;Level;FlightAware ADS-B (TSR / LRTR)
Sat 09:36:00 PM;46.2052;26.0932;↑ 341°;447;514;10973;Level;FlightAware ADS-B (TSR / LRTR)
Sat 09:36:30 PM;46.2652;26.0633;↑ 341°;446;513;10973;Level;FlightAware ADS-B (OTP / LROP)
Sat 09:37:00 PM;46.3219;26.0353;↑ 341°;448;516;10973;Level;FlightAware ADS-B (OTP / LROP)
Sat 09:37:30 PM;46.3826;26.0054;↑ 341°;450;518;10973;Level;FlightAware ADS-B (TSR / LRTR)
Sat 09:38:01 PM;46.4415;25.9760;↑ 341°;451;519;10973;Level;FlightAware ADS-B (BBU / LRBS)
Sat 09:38:31 PM;46.5013;25.9459;↑ 341°;450;518;10973;Level;FlightAware ADS-B (BBU / LRBS)
Sat 09:39:02 PM;46.5631;25.9150;↑ 341°;448;516;10973;Level;FlightAware ADS-B (KIV / LUKK)
Sat 09:39:32 PM;46.6205;25.8863;↑ 341°;448;516;10973;Level;FlightAware ADS-B (IAS / LRIA)
Sat 09:40:02 PM;46.6813;25.8551;↑ 341°;447;514;10973;Level;FlightAware ADS-B (KIV / LUKK)
Sat 09:40:32 PM;46.7386;25.8262;↑ 341°;448;516;10973;Level;FlightAware ADS-B (KIV / LUKK)
Sat 09:41:02 PM;46.7984;25.7957;↑ 341°;451;519;10973;Level;FlightAware ADS-B (KIV / LUKK)
Sat 09:41:32 PM;46.8550;25.7669;↑ 341°;451;519;10973;Level;FlightAware ADS-B (BBU / LRBS)
Sat 09:42:03 PM;46.9177;25.7352;↑ 341°;452;520;10973;Level;FlightAware ADS-B (KIV / LUKK)
Sat 09:42:33 PM;46.9774;25.7050;↑ 341°;452;520;10973;Level;FlightAware ADS-B (KIV / LUKK)
Sat 09:43:03 PM;47.0348;25.6759;↑ 341°;452;520;10973;Level;FlightAware ADS-B (SBZ / LRSB)
Sat 09:43:33 PM;47.0972;25.6439;↑ 341°;453;521;10973;Level;FlightAware ADS-B (KIV / LUKK)
Sat 09:44:03 PM;47.1566;25.6129;↑ 340°;454;522;10973;Level;FlightAware ADS-B (KIV / LUKK)
Sat 09:44:33 PM;47.2125;25.5842;↑ 341°;456;525;10973;Level;FlightAware ADS-B (OTP / LROP)
Sat 09:45:03 PM;47.2762;25.5517;↑ 341°;458;527;10973;Level;FlightAware ADS-B (KIV / LUKK)
Sat 09:45:33 PM;47.3325;25.5227;↑ 341°;458;527;10973;Level;FlightAware ADS-B (OTP / LROP)
Sat 09:46:04 PM;47.3939;25.4907;↑ 341°;460;529;10973;Level;FlightAware ADS-B (OTP / LROP)
Sat 09:46:34 PM;47.4574;25.4577;↑ 341°;462;532;10973;Level;FlightAware ADS-B (KIV / LUKK)
Sat 09:47:04 PM;47.5179;25.4262;↑ 341°;463;533;10973;Level;FlightAware ADS-B (KIV / LUKK)
Sat 09:47:34 PM;47.5792;25.3941;↑ 341°;466;536;10973;Level;FlightAware ADS-B (KIV / LUKK)
Sat 09:48:04 PM;47.6401;25.3623;↑ 341°;467;537;10973;Level;FlightAware ADS-B (KIV / LUKK)
Sat 09:48:34 PM;47.7009;25.3304;↑ 341°;468;539;10973;Level;FlightAware ADS-B (KIV / LUKK)
Sat 09:49:08 PM;47.7667;25.2931;↖ 338°;468;539;10973;Level;FlightAware ADS-B (LRBG)
Sat 09:49:38 PM;47.8264;25.2574;↖ 338°;465;535;10973;Level;FlightAware ADS-B (UKLA)
Sat 09:50:11 PM;47.8910;25.2191;↖ 338°;465;535;10973;Level;FlightAware ADS-B (QXQ / EPST)
Sat 09:50:44 PM;47.9585;25.1793;↖ 338°;465;535;10973;Level;FlightAware ADS-B (SBZ / LRSB)
Sat 09:51:14 PM;48.0179;25.1442;↖ 338°;465;535;10973;Level;FlightAware ADS-B (SBZ / LRSB)
Sat 09:51:44 PM;48.0781;25.1084;↖ 338°;464;534;10973;Level;FlightAware ADS-B (SBZ / LRSB)
Sat 09:52:14 PM;48.1381;25.0730;↖ 338°;465;535;10973;Level;FlightAware ADS-B (BAY / LRBM)
Sat 09:52:46 PM;48.2042;25.0337;↖ 338°;464;534;10973;Level;FlightAware ADS-B (KSC / LZKZ)
Sat 09:53:17 PM;48.2621;24.9994;↖ 338°;464;534;10973;Level;FlightAware ADS-B (KSC / LZKZ)
Sat 09:53:49 PM;48.3255;24.9616;↖ 338°;463;533;10973;Level;FlightAware ADS-B (RZE / EPRZ)
Sat 09:54:19 PM;48.3850;24.9264;↖ 338°;462;532;10973;Level;FlightAware ADS-B (RZE / EPRZ)
Sat 09:54:50 PM;48.4485;24.8888;↑ 339°;462;532;10973;Level;FlightAware ADS-B (UDJ / UKLU)
Sat 09:55:20 PM;48.5079;24.8530;↖ 338°;462;532;10973;Level;FlightAware ADS-B (UDJ / UKLU)
Sat 09:55:50 PM;48.5658;24.8178;↖ 338°;462;532;10973;Level;FlightAware ADS-B (UDJ / UKLU)
Sat 09:56:20 PM;48.6272;24.7806;↖ 338°;461;531;10973;Level;FlightAware ADS-B (UDJ / UKLU)
Sat 09:56:50 PM;48.6866;24.7447;↖ 338°;462;532;10973;Level;FlightAware ADS-B (UDJ / UKLU)
Sat 09:57:21 PM;48.7460;24.7085;↖ 338°;461;531;10973;Level;FlightAware ADS-B (UDJ / UKLU)
Sat 09:57:54 PM;48.8133;24.6676;↖ 338°;460;529;10973;Level;FlightAware ADS-B (IFO / UKLI)
Sat 09:58:24 PM;48.8705;24.6327;↖ 338°;460;529;10973;Level;FlightAware ADS-B (RWN / UKLR)
Sat 09:58:54 PM;48.9300;24.5964;↖ 338°;461;531;10973;Level;FlightAware ADS-B (UKLF)
Sat 09:59:25 PM;48.9912;24.5586;↖ 338°;460;529;10973;Level;FlightAware ADS-B (IFO / UKLI)
Sat 09:59:55 PM;49.0501;24.5221;↖ 338°;460;529;10973;Level;FlightAware ADS-B (UKLF)
Sat 10:00:25 PM;49.1107;24.4848;↖ 338°;459;528;10973;Level;FlightAware ADS-B (IFO / UKLI)
Sat 10:00:55 PM;49.1683;24.4492;↖ 338°;459;528;10973;Level;FlightAware ADS-B (IFO / UKLI)
Sat 10:01:25 PM;49.2269;24.4128;↖ 338°;458;527;10973;Level;FlightAware ADS-B (RZE / EPRZ)
Sat 10:01:55 PM;49.2852;24.3765;↖ 338°;457;526;10973;Level;FlightAware ADS-B (UKLF)
Sat 10:02:25 PM;49.3448;24.3393;↖ 338°;457;526;10973;Level;FlightAware ADS-B (UKLF)
Sat 10:02:56 PM;49.4041;24.3023;↖ 338°;456;525;10973;Level;FlightAware ADS-B (IFO / UKLI)
Sat 10:03:26 PM;49.4634;24.2650;↖ 338°;455;524;10973;Level;FlightAware ADS-B (IFO / UKLI)
Sat 10:03:56 PM;49.5224;24.2281;↖ 338°;455;524;10973;Level;FlightAware ADS-B (IFO / UKLI)
Sat 10:04:26 PM;49.5800;24.1918;↖ 338°;454;522;10973;Level;FlightAware ADS-B (IFO / UKLI)
Sat 10:04:56 PM;49.6375;24.1556;↖ 338°;454;522;10973;Level;FlightAware ADS-B (RZE / EPRZ)
Sat 10:05:26 PM;49.6953;24.1189;↖ 338°;454;522;10973;Level;FlightAware ADS-B (UKLF)
Sat 10:05:56 PM;49.7540;24.0814;↖ 338°;456;525;10973;Level;FlightAware ADS-B (UKLF)
Sat 10:06:26 PM;49.8126;24.0441;↖ 338°;457;526;10973;Level;FlightAware ADS-B (UKLF)
Sat 10:06:56 PM;49.8712;24.0066;↖ 338°;457;526;10973;Level;FlightAware ADS-B (UKLF)
Sat 10:07:26 PM;49.9301;23.9691;↖ 338°;457;526;10973;Level;FlightAware ADS-B (UKLF)
Sat 10:07:57 PM;49.9893;23.9312;↖ 338°;459;528;10973;Level;FlightAware ADS-B (RZE / EPRZ)
Sat 10:08:27 PM;50.0487;23.8932;↖ 338°;460;529;10973;Level;FlightAware ADS-B (RZE / EPRZ)
Sat 10:08:57 PM;50.1080;23.8549;↖ 337°;461;531;10973;Level;FlightAware ADS-B (RZE / EPRZ)
Sat 10:09:28 PM;50.1685;23.8157;↖ 337°;461;531;10973;Level;FlightAware ADS-B (WAW / EPWA)
Sat 10:09:58 PM;50.2281;23.7770;↖ 337°;463;533;10973;Level;FlightAware ADS-B (LWO / UKLL)
Sat 10:10:28 PM;50.2864;23.7391;↖ 338°;462;532;10973;Level;FlightAware ADS-B (RWN / UKLR)
Sat 10:10:58 PM;50.3451;23.7008;↖ 337°;462;532;10973;Level;FlightAware ADS-B (RZE / EPRZ)
Sat 10:11:28 PM;50.4053;23.6611;↖ 337°;462;532;10973;Level;FlightAware ADS-B (LUZ / EPLB)
Sat 10:11:54 PM;50.4568;23.6284;↑ 340°;459;528;10973;Level;FlightAware ADS-B (RZE / EPRZ)
Sat 10:12:17 PM;50.5030;23.6086;↑ 348°;456;525;10973;Level;FlightAware ADS-B (EPBC)
Sat 10:12:47 PM;50.5639;23.5893;↑ 349°;456;525;10973;81 Climbing;FlightAware ADS-B (UKLA)
Sat 10:13:08 PM;50.6089;23.5751;↑ 349°;456;525;11041;261 Climbing;FlightAware ADS-B (KTW / EPKT)
Sat 10:13:50 PM;50.6938;23.5484;↑ 349°;454;522;11247;197 Climbing;FlightAware ADS-B (KTW / EPKT)
Sat 10:14:20 PM;50.7552;23.5290;↑ 349°;455;524;11278;30 Climbing;FlightAware ADS-B (WAW / EPWA)
Sat 10:14:51 PM;50.8194;23.5084;↑ 349°;455;524;11278;Level;FlightAware ADS-B (WAW / EPWA)
Sat 10:15:22 PM;50.8820;23.4884;↑ 349°;455;524;11278;Level;FlightAware ADS-B (WAW / EPWA)
Sat 10:15:45 PM;50.9291;23.4733;↑ 350°;454;522;11278;Level;FlightAware ADS-B (KTW / EPKT)
Sat 10:16:15 PM;50.9914;23.4534;↑ 349°;455;524;11278;Level;FlightAware ADS-B (WAW / EPWA)
Sat 10:16:45 PM;51.0537;23.4337;↑ 349°;454;522;11278;Level;FlightAware ADS-B (WAW / EPWA)
Sat 10:17:17 PM;51.1187;23.4128;↑ 350°;454;522;11278;Level;FlightAware ADS-B (KTW / EPKT)
Sat 10:17:47 PM;51.1815;23.3925;↑ 349°;454;522;11278;Level;FlightAware ADS-B (KTW / EPKT)
Sat 10:18:17 PM;51.2424;23.3725;↑ 348°;453;521;11278;Level;FlightAware ADS-B (WAW / EPWA)
Sat 10:18:48 PM;51.3084;23.3510;↑ 349°;453;521;11278;Level;FlightAware ADS-B (LWO / UKLL)
Sat 10:19:19 PM;51.3737;23.3296;↑ 348°;452;520;11278;Level;FlightAware ADS-B (EYKR)
Sat 10:19:49 PM;51.4336;23.3099;↑ 348°;452;520;11278;Level;FlightAware ADS-B (LWO / UKLL)
Sat 10:20:20 PM;51.4952;23.2896;↑ 349°;451;519;11278;Level;FlightAware ADS-B (EPKA)
Sat 10:20:50 PM;51.5588;23.2689;↑ 349°;450;518;11278;Level;FlightAware ADS-B (EPRS)
Sat 10:21:20 PM;51.6180;23.2494;↑ 348°;449;517;11278;Level;FlightAware ADS-B (EPKA)
Sat 10:21:51 PM;51.6800;23.2288;↑ 348°;448;516;11278;Level;FlightAware ADS-B (EPKA)
Sat 10:22:21 PM;51.7408;23.2085;↑ 348°;446;513;11278;Level;FlightAware ADS-B (EPKA)
Sat 10:22:51 PM;51.8015;23.1883;↑ 349°;445;512;11278;Level;FlightAware ADS-B (EPKA)
Sat 10:23:22 PM;51.8635;23.1677;↑ 348°;443;510;11278;Level;FlightAware ADS-B (WAW / EPWA)
Sat 10:23:52 PM;51.9241;23.1475;↑ 348°;441;507;11278;Level;FlightAware ADS-B (WAW / EPWA)
Sat 10:24:22 PM;51.9823;23.1281;↑ 348°;439;505;11278;Level;FlightAware ADS-B (WAW / EPWA)
Sat 10:24:53 PM;52.0437;23.1075;↑ 348°;437;503;11278;Level;FlightAware ADS-B (EPKA)
Sat 10:25:23 PM;52.1032;23.0872;↑ 348°;435;501;11278;Level;FlightAware ADS-B (EPKA)
Sat 10:25:53 PM;52.1623;23.0670;↑ 348°;434;499;11278;Level;FlightAware ADS-B (EPKA)
Sat 10:26:23 PM;52.2204;23.0472;↑ 348°;433;498;11278;Level;FlightAware ADS-B (WAW / EPWA)
Sat 10:26:55 PM;52.2829;23.0259;↑ 348°;432;497;11278;Level;FlightAware ADS-B (WAW / EPWA)
Sat 10:27:30 PM;52.3517;23.0027;↑ 348°;431;496;11278;Level;FlightAware ADS-B (ZBG / EPEL)
Sat 10:28:00 PM;52.4110;22.9826;↑ 348°;433;498;11278;Level;FlightAware ADS-B (EPIN)
Sat 10:28:16 PM;52.4417;22.9733;↑ 351°;432;497;11278;Level;FlightAware ADS-B (WAW / EPWA)
Sat 10:28:32 PM;52.4752;22.9696;↑ 358°;427;491;11278;Level;FlightAware ADS-B (EPRS)
Sat 10:28:51 PM;52.5111;22.9734;↑ 6°;423;487;11278;Level;FlightAware ADS-B (WMI / EPMO)
Sat 10:29:30 PM;52.5862;22.9916;↑ 8°;421;484;11278;Level;FlightAware ADS-B (WAW / EPWA)
Sat 10:30:00 PM;52.6439;23.0056;↑ 9°;422;486;11278;Level;FlightAware ADS-B (EYKR)
Sat 10:30:30 PM;52.7005;23.0198;↑ 9°;420;483;11278;Level;FlightAware ADS-B (WAW / EPWA)
Sat 10:31:01 PM;52.7612;23.0354;↑ 9°;420;483;11278;Level;FlightAware ADS-B (WAW / EPWA)
Sat 10:31:31 PM;52.8165;23.0492;↑ 9°;420;483;11278;Level;FlightAware ADS-B (EYKR)
Sat 10:32:01 PM;52.8741;23.0633;↑ 9°;419;482;11278;Level;FlightAware ADS-B (EYKR)
Sat 10:32:31 PM;52.9310;23.0776;↑ 9°;418;481;11278;Level;FlightAware ADS-B (WAW / EPWA)
Sat 10:33:01 PM;52.9892;23.0926;↑ 9°;418;481;11278;Level;FlightAware ADS-B (EYKR)
Sat 10:33:31 PM;53.0460;23.1070;↑ 9°;418;481;11278;Level;FlightAware ADS-B (EYKR)
Sat 10:34:01 PM;53.1041;23.1218;↑ 9°;418;481;11278;Level;FlightAware ADS-B (EYKR)
Sat 10:34:31 PM;53.1617;23.1367;↑ 9°;419;482;11278;Level;FlightAware ADS-B (EYKR)
Sat 10:35:01 PM;53.2188;23.1513;↑ 9°;419;482;11278;Level;FlightAware ADS-B (EYKR)
Sat 10:35:31 PM;53.2738;23.1654;↑ 9°;418;481;11278;Level;FlightAware ADS-B (VTB / UMII)
Sat 10:36:01 PM;53.3321;23.1802;↑ 9°;415;478;11278;Level;FlightAware ADS-B (EYKS)
Sat 10:36:31 PM;53.3891;23.1947;↑ 9°;414;476;11278;Level;FlightAware ADS-B (EYKS)
Sat 10:37:01 PM;53.4447;23.2091;↑ 9°;413;475;11278;Level;FlightAware ADS-B (VTB / UMII)
Sat 10:37:31 PM;53.5021;23.2240;↑ 9°;413;475;11278;Level;FlightAware ADS-B (RZE / EPRZ)
Sat 10:38:01 PM;53.5590;23.2391;↑ 9°;413;475;11278;Level;FlightAware ADS-B (WAW / EPWA)
Sat 10:38:31 PM;53.6144;23.2535;↑ 9°;413;475;11278;Level;FlightAware ADS-B (VTB / UMII)
Sat 10:39:02 PM;53.6744;23.2691;↑ 9°;413;475;11278;Level;FlightAware ADS-B (EYKR)
Sat 10:39:32 PM;53.7296;23.2836;↑ 9°;414;476;11278;Level;FlightAware ADS-B (RZE / EPRZ)
Sat 10:40:02 PM;53.7855;23.2981;↑ 9°;414;476;11278;Level;FlightAware ADS-B (VTB / UMII)
Sat 10:40:33 PM;53.8445;23.3135;↑ 9°;415;478;11278;Level;FlightAware ADS-B (EYKR)
Sat 10:41:03 PM;53.9018;23.3290;↑ 9°;416;479;11278;Level;FlightAware ADS-B (EYKR)
Sat 10:41:33 PM;53.9595;23.3442;↑ 9°;417;480;11278;Level;FlightAware ADS-B (RZE / EPRZ)
Sat 10:42:03 PM;54.0161;23.3593;↑ 9°;417;480;11278;Level;FlightAware ADS-B (EYKR)
Sat 10:42:33 PM;54.0725;23.3744;↑ 9°;419;482;11278;Level;FlightAware ADS-B (EYKR)
Sat 10:43:03 PM;54.1295;23.3897;↑ 9°;420;483;11278;Level;FlightAware ADS-B (WAW / EPWA)
Sat 10:43:34 PM;54.1887;23.4052;↑ 9°;421;484;11278;Level;FlightAware ADS-B (EYKR)
Sat 10:44:05 PM;54.2492;23.4218;↑ 9°;422;486;11278;Level;FlightAware ADS-B (EYKS)
Sat 10:44:35 PM;54.3071;23.4386;↑ 10°;422;486;11278;Level;FlightAware ADS-B
Sat 10:45:06 PM;54.3658;23.4556;↑ 10°;422;486;11278;Level;FlightAware ADS-B (EYKS)
Sat 10:45:36 PM;54.4252;23.4725;↑ 9°;423;487;11278;Level;FlightAware ADS-B (EPBC)
Sat 10:46:06 PM;54.4828;23.4889;↑ 9°;423;487;11278;Level;FlightAware ADS-B (EPBC)
Sat 10:46:37 PM;54.5409;23.5053;↑ 9°;423;487;11278;Level;FlightAware ADS-B (ZBG / EPEL)
Sat 10:47:10 PM;54.6041;23.5235;↑ 10°;422;486;11278;Level;FlightAware ADS-B (SQQ / EYSA)
Sat 10:47:40 PM;54.6618;23.5403;↑ 9°;421;484;11278;Level;FlightAware ADS-B (SQQ / EYSA)
Sat 10:48:10 PM;54.7192;23.5568;↑ 9°;421;484;11278;Level;FlightAware ADS-B (SQQ / EYSA)
Sat 10:48:40 PM;54.7771;23.5734;↑ 10°;420;483;11278;Level;FlightAware ADS-B (SQQ / EYSA)
Sat 10:49:10 PM;54.8347;23.5900;↑ 10°;419;482;11278;Level;FlightAware ADS-B (SQQ / EYSA)
Sat 10:49:40 PM;54.8922;23.6064;↑ 9°;419;482;11278;Level;FlightAware ADS-B (SQQ / EYSA)
Sat 10:50:11 PM;54.9489;23.6229;↑ 10°;418;481;11278;Level;FlightAware ADS-B (SQQ / EYSA)
Sat 10:50:41 PM;55.0064;23.6399;↑ 10°;418;481;11278;Level;FlightAware ADS-B (SQQ / EYSA)
Sat 10:51:11 PM;55.0633;23.6568;↑ 10°;418;481;11278;Level;FlightAware ADS-B (SQQ / EYSA)
Sat 10:51:41 PM;55.1209;23.6738;↑ 10°;418;481;11278;Level;FlightAware ADS-B (SQQ / EYSA)
Sat 10:52:11 PM;55.1773;23.6904;↑ 10°;418;481;11278;Level;FlightAware ADS-B (SQQ / EYSA)
Sat 10:52:41 PM;55.2355;23.7075;↑ 10°;418;481;11278;Level;FlightAware ADS-B (SQQ / EYSA)
Sat 10:53:11 PM;55.2929;23.7245;↑ 10°;419;482;11278;Level;FlightAware ADS-B (SQQ / EYSA)
Sat 10:53:41 PM;55.3485;23.7410;↑ 10°;419;482;11278;Level;FlightAware ADS-B (EYKS)
Sat 10:54:11 PM;55.4067;23.7585;↑ 10°;419;482;11278;Level;FlightAware ADS-B (EYKS)
Sat 10:54:41 PM;55.4638;23.7758;↑ 10°;419;482;11278;Level;FlightAware ADS-B (EYKS)
Sat 10:55:12 PM;55.5229;23.7935;↑ 10°;419;482;11278;Level;FlightAware ADS-B (SQQ / EYSA)
Sat 10:55:42 PM;55.5793;23.8105;↑ 10°;419;482;11278;Level;FlightAware ADS-B (EYKS)
Sat 10:56:12 PM;55.6366;23.8279;↑ 10°;419;482;11278;Level;FlightAware ADS-B (SQQ / EYSA)
Sat 10:56:43 PM;55.6955;23.8456;↑ 10°;419;482;11278;Level;FlightAware ADS-B (TAY / EETU)
Sat 10:57:13 PM;55.7523;23.8627;↑ 10°;420;483;11278;Level;FlightAware ADS-B (EYKS)
Sat 10:57:43 PM;55.8094;23.8801;↑ 10°;421;484;11278;Level;FlightAware ADS-B (SQQ / EYSA)
Sat 10:58:13 PM;55.8682;23.8980;↑ 10°;422;486;11278;Level;FlightAware ADS-B (EYKS)
Sat 10:58:43 PM;55.9260;23.9156;↑ 10°;423;487;11278;Level;FlightAware ADS-B (EYKS)
Sat 10:59:13 PM;55.9835;23.9335;↑ 10°;423;487;11278;Level;FlightAware ADS-B (SQQ / EYSA)
Sat 10:59:43 PM;56.0418;23.9517;↑ 10°;424;488;11278;Level;FlightAware ADS-B (SQQ / EYSA)
Sat 11:00:14 PM;56.1014;23.9702;↑ 10°;424;488;11278;Level;FlightAware ADS-B (EYKS)
Sat 11:00:44 PM;56.1570;23.9875;↑ 10°;424;488;11278;Level;FlightAware ADS-B (SQQ / EYSA)
Sat 11:01:15 PM;56.2191;24.0070;↑ 10°;423;487;11278;Level;FlightAware ADS-B (KUN / EYKA)
Sat 11:01:45 PM;56.2743;24.0241;↑ 10°;423;487;11278;Level;FlightAware ADS-B (EYKS)
Sat 11:02:15 PM;56.3327;24.0388;↑ 7°;423;487;11278;Level;FlightAware ADS-B (SQQ / EYSA)
Sat 11:02:48 PM;56.3984;24.0530;↑ 7°;422;486;11278;Level;FlightAware ADS-B (KUN / EYKA)
Sat 11:03:19 PM;56.4580;24.0659;↑ 7°;421;484;11278;Level;FlightAware ADS-B (KUN / EYKA)
Sat 11:03:50 PM;56.5179;24.0789;↑ 7°;420;483;11278;Level;FlightAware ADS-B (SQQ / EYSA)
Sat 11:04:20 PM;56.5763;24.0916;↑ 7°;420;483;11278;Level;FlightAware ADS-B (SZY / EPSY)
Sat 11:04:50 PM;56.6349;24.1043;↑ 7°;419;482;11278;Level;FlightAware ADS-B
Sat 11:05:20 PM;56.6913;24.1165;↑ 7°;419;482;11278;Level;FlightAware ADS-B
Sat 11:05:50 PM;56.7486;24.1292;↑ 7°;419;482;11278;Level;FlightAware ADS-B (KUN / EYKA)
Sat 11:06:21 PM;56.8071;24.1419;↑ 7°;419;482;11278;Level;FlightAware ADS-B (TAY / EETU)
Sat 11:06:52 PM;56.8659;24.1549;↑ 7°;420;483;11278;Level;FlightAware ADS-B (TAY / EETU)
Sat 11:07:22 PM;56.9268;24.1684;↑ 7°;421;484;11278;Level;FlightAware ADS-B (RIX / EVRA)
Sat 11:07:52 PM;56.9819;24.1806;↑ 7°;423;487;11278;Level;FlightAware ADS-B (TAY / EETU)
Sat 11:08:22 PM;57.0404;24.1937;↑ 7°;424;488;11278;Level;FlightAware ADS-B (EYKS)
Sat 11:08:52 PM;57.0994;24.2069;↑ 7°;425;489;11278;Level;FlightAware ADS-B (EYPN)
Sat 11:09:22 PM;57.1571;24.2200;↑ 7°;426;490;11278;Level;FlightAware ADS-B (RIX / EVRA)
Sat 11:09:52 PM;57.2148;24.2330;↑ 7°;426;490;11278;Level;FlightAware ADS-B (TAY / EETU)
Sat 11:10:22 PM;57.2738;24.2462;↑ 7°;426;490;11278;Level;FlightAware ADS-B (KUN / EYKA)
Sat 11:10:53 PM;57.3342;24.2599;↑ 7°;426;490;11278;Level;FlightAware ADS-B (HEL / EFHK)
Sat 11:11:23 PM;57.3953;24.2737;↑ 7°;425;489;11278;Level;FlightAware ADS-B (RIX / EVRA)
Sat 11:11:53 PM;57.4507;24.2862;↑ 7°;424;488;11278;-98 Descending;FlightAware ADS-B (HEL / EFHK)
Sat 11:12:24 PM;57.5124;24.3002;↑ 7°;418;481;11179;-258 Descending;FlightAware ADS-B (TAY / EETU)
Sat 11:12:55 PM;57.5695;24.3133;↑ 7°;414;476;11011;-465 Descending;FlightAware ADS-B (TAY / EETU)
Sat 11:13:25 PM;57.6255;24.3262;↑ 7°;409;471;10706;-617 Descending;FlightAware ADS-B (TAY / EETU)
Sat 11:13:55 PM;57.6825;24.3399;↑ 7°;403;464;10394;-625 Descending;FlightAware ADS-B (URE / EEKE)
Sat 11:14:25 PM;57.7374;24.3526;↑ 7°;399;459;10081;-610 Descending;FlightAware ADS-B (TAY / EETU)
Sat 11:14:55 PM;57.7908;24.3646;↑ 7°;395;455;9784;-602 Descending;FlightAware ADS-B (URE / EEKE)
Sat 11:15:25 PM;57.8456;24.3773;↑ 7°;390;449;9479;-610 Descending;FlightAware ADS-B (TAY / EETU)
Sat 11:15:55 PM;57.8988;24.3896;↑ 7°;386;444;9174;-602 Descending;FlightAware ADS-B (TLL / EETN)
Sat 11:16:25 PM;57.9513;24.4020;↑ 7°;382;440;8877;-592 Descending;FlightAware ADS-B (EVAD)
Sat 11:16:56 PM;58.0043;24.4145;↑ 7°;378;435;8573;-592 Descending;FlightAware ADS-B (EYKS)
Sat 11:17:26 PM;58.0559;24.4269;↑ 7°;373;429;8275;-592 Descending;FlightAware ADS-B (MHQ / EFMA)
Sat 11:17:57 PM;58.1092;24.4394;↑ 7°;368;423;7971;-592 Descending;FlightAware ADS-B (EFIK)
Sat 11:18:27 PM;58.1597;24.4513;↑ 7°;363;418;7673;-579 Descending;FlightAware ADS-B (TAY / EETU)
Sat 11:18:57 PM;58.2088;24.4631;↑ 7°;359;413;7391;-572 Descending;FlightAware ADS-B (TAY / EETU)
Sat 11:19:27 PM;58.2579;24.4748;↑ 7°;355;409;7102;-577 Descending;FlightAware ADS-B (TAY / EETU)
Sat 11:19:58 PM;58.3081;24.4867;↑ 7°;351;404;6805;-577 Descending;FlightAware ADS-B (TLL / EETN)
Sat 11:20:28 PM;58.3550;24.4979;↑ 7°;348;400;6515;-602 Descending;FlightAware ADS-B (EFIK)
Sat 11:20:58 PM;58.4040;24.5090;↑ 7°;344;396;6203;-587 Descending;FlightAware ADS-B (URE / EEKE)
Sat 11:21:28 PM;58.4503;24.5204;↑ 8°;339;390;5928;-549 Descending;FlightAware ADS-B (URE / EEKE)
Sat 11:21:58 PM;58.4957;24.5316;↑ 7°;336;387;5654;-526 Descending;FlightAware ADS-B (EFIK)
Sat 11:22:28 PM;58.5422;24.5429;↑ 7°;331;381;5403;-495 Descending;FlightAware ADS-B (TAY / EETU)
Sat 11:22:58 PM;58.5871;24.5540;↑ 8°;325;374;5159;-495 Descending;FlightAware ADS-B (TAY / EETU)
Sat 11:23:28 PM;58.6316;24.5652;↑ 7°;321;369;4907;-488 Descending;FlightAware ADS-B (TAY / EETU)
Sat 11:23:58 PM;58.6745;24.5757;↑ 7°;316;364;4671;-466 Descending;FlightAware ADS-B (TAY / EETU)
Sat 11:24:19 PM;58.7052;24.5831;↑ 8°;312;359;4511;-469 Descending;FlightAware ADS-B (HEL / EFHK)
Sat 11:24:38 PM;58.7312;24.5978;↗ 22°;309;356;4359;-465 Descending;FlightAware ADS-B (RIX / EVRA)
Sat 11:25:19 PM;58.7818;24.6500;↗ 29°;304;350;4046;-464 Descending;FlightAware ADS-B (HEM / EFHF)
Sat 11:25:50 PM;58.8206;24.6904;↗ 28°;300;345;3802;-457 Descending;FlightAware ADS-B (HEL / EFHK)
Sat 11:26:21 PM;58.8576;24.7294;↗ 29°;298;343;3574;-450 Descending;FlightAware ADS-B (HEM / EFHF)
Sat 11:26:52 PM;58.8945;24.7691;↗ 29°;297;342;3338;-377 Descending;FlightAware ADS-B (HEL / EFHK)
Sat 11:27:35 PM;58.9402;24.8379;↗ 42°;288;331;3109;-326 Descending;FlightAware ADS-B (TLL / EETN)
Sat 11:28:05 PM;58.9704;24.8899;↗ 42°;282;325;2941;-351 Descending;FlightAware ADS-B (EFIK)
Sat 11:28:35 PM;58.9986;24.9388;↗ 42°;280;322;2758;-267 Descending;FlightAware ADS-B (TAY / EETU)
Sat 11:29:05 PM;59.0267;24.9880;↗ 42°;263;303;2675;-244 Descending;FlightAware ADS-B (EEPU)
Sat 11:29:35 PM;59.0527;25.0335;↗ 42°;256;295;2515;-411 Descending;FlightAware ADS-B (HEL / EFHK)
Sat 11:30:05 PM;59.0800;25.0795;↗ 41°;262;302;2263;-503 Descending;FlightAware ADS-B (TLL / EETN)
Sat 11:30:35 PM;59.1081;25.1259;↗ 40°;268;308;2012;-480 Descending;FlightAware ADS-B (TLL / EETN)
Sat 11:31:05 PM;59.1369;25.1740;↗ 41°;270;311;1783;-419 Descending;FlightAware ADS-B (EECL)
Sat 11:31:35 PM;59.1649;25.2202;↗ 40°;267;307;1593;-345 Descending;FlightAware ADS-B (TLL / EETN)
Sat 11:32:06 PM;59.1932;25.2668;↗ 41°;258;297;1433;-322 Descending;FlightAware ADS-B (HEL / EFHK)
Sat 11:32:36 PM;59.2215;25.3146;↗ 40°;252;290;1265;-323 Descending;FlightAware ADS-B (HEL / EFHK)
Sat 11:32:57 PM;59.2411;25.3347;↗ 22°;244;281;1158;-305 Descending;FlightAware ADS-B (TLL / EETN)
Sat 11:33:27 PM;59.2713;25.3594;↗ 23°;241;277;1006;-299 Descending;FlightAware ADS-B (EEPU)
Sat 11:33:46 PM;59.2925;25.3688;↑ 4°;233;268;914;-294 Descending;FlightAware ADS-B (HEL / EFHK)
Sat 11:34:09 PM;59.3154;25.3714;↑ 3°;230;265;800;-223 Descending;FlightAware ADS-B (TLL / EETN)
Sat 11:34:29 PM;59.3375;25.3731;↑ 358°;228;262;754;-60 Descending;FlightAware ADS-B (HEL / EFHK)
Sat 11:34:47 PM;59.3542;25.3599;↖ 324°;218;251;762;-94 Descending;FlightAware ADS-B (HEL / EFHK)
Sat 11:35:08 PM;59.3690;25.3262;← 311°;215;247;693;-190 Descending;FlightAware ADS-B (TLL / EETN)
Sat 11:35:40 PM;59.3881;25.2856;← 313°;199;229;594;-190 Descending;FlightAware ADS-B (HEL / EFHK)
Sat 11:36:01 PM;59.4012;25.2577;← 311°;182;209;526;-132 Descending;FlightAware ADS-B (EECL)
Sat 11:36:18 PM;59.4071;25.2354;← 286°;166;191;511;-24 Descending;FlightAware ADS-B (TLL / EETN)
Sat 11:36:39 PM;59.4093;25.2048;← 278°;159;183;511;Level;FlightAware ADS-B (TLL / EETN)
Sat 11:36:55 PM;59.4109;25.1817;← 278°;155;178;511;Level;FlightAware ADS-B (TLL / EETN)
Sat 11:37:11 PM;59.4121;25.1585;← 273°;152;175;511;Level;FlightAware ADS-B (EECL)
Sat 11:37:42 PM;59.4123;25.1177;← 272°;148;170;511;15 Climbing;FlightAware ADS-B (HEL / EFHK)
Sat 11:38:13 PM;59.4127;25.0765;← 271°;139;160;526;-75 Descending;FlightAware ADS-B (EECL)
Sat 11:38:43 PM;59.4128;25.0415;← 270°;131;151;434;-187 Descending;FlightAware ADS-B (HEL / EFHK)
Sat 11:39:14 PM;59.4130;25.0059;← 271°;127;146;335;-204 Descending;FlightAware ADS-B (TLL / EETN)
Sat 11:39:30 PM;59.4130;24.9863;← 270°;128;147;274;-211 Descending;FlightAware ADS-B (TLL / EETN)
Sat 11:39:40 PM;59.4130;24.9746;← 270°;129;148;244;-183 Descending;Surface and Near-Surface
Sat 11:40:50 PM;59.4132;24.8912;← 270°;137;158;-686 Descending;FlightAware ADS-B (TLL / EETN)
Sat 11:41:06 PM;59.4132;24.8712;← 270°;141;162;;Level;FlightAware ADS-B (TLL / EETN)
Sat 11:41:22 PM;59.4132;24.8511;← 270°;141;162;;Level;FlightAware ADS-B (TLL / EETN)
